DS,ARTS
INTEGART,ARTS
MUS PERF,ARTS
MUSIC,ARTS
THEATRE,ARTS
BIOCORE,BIO
BIOLOGY,BIO
BOTANY,BIO
COMP BIO,BIO
CRB,BIO
ENTOM,BIO
GENETICS,BIO
HORT,BIO
MD GENET,BIO
MICROBIO,BIO
MOL BIOL,BIO
PATH-BIO,BIO
PL PATH,BIO
WL ECOL,BIO
ZOOLOGY,BIO
ACCT I S,BUSINESS
CNSR SCI,BUSINESS
FINANCE,BUSINESS
GEN BUS,BUSINESS
INFO SYS,BUSINESS
INTL BUS,BUSINESS
M H R,BUSINESS
MARKETNG,BUSINESS
MED SC-M,BUSINESS
MED SC-V,BUSINESS
OTM,BUSINESS
R M I,BUSINESS
REAL EST,BUSINESS
BIOCHEM,CHEM
BMOLCHEM,CHEM
CHEM,CHEM
M&ENVTOX,CHEM
CS&D,COMARTS
ENGL,COMARTS
ENGLISH,COMARTS
JOURN,COMARTS
LINGUIS,COMARTS
LSC,COMARTS
SOC,COMARTS
SOC WORK,COMARTS
ASIAN AM ,CULTURE
CHICLA,CULTURE
CSCS,CULTURE
DANCE,CULTURE
E A STDS,CULTURE
E ASIAN,CULTURE
FOLKLORE,CULTURE
GREEK,CULTURE
HEBR ST,CULTURE
HEBR-MOD,CULTURE
INTL ST,CULTURE
JEWISH,CULTURE
LACIS,CULTURE
LCA,CULTURE
RELIG ST,CULTURE
SCAND ST,CULTURE
SLAVIC,CULTURE
ART ED,EDU
CURRIC,EDU
ED POL,EDU
ELPA,EDU
FAM COM,EDU
HDFS,EDU
L I S,EDU
PE ACTIV,EDU
RP & SE,EDU
B M E,ENGR
B M I,ENGR
BSE,ENGR
CBE,ENGR
CIV ENGR,ENGR
E C E,ENGR
E M A,ENGR
E P,ENGR
E P D,ENGR
G L E,ENGR
I SY E,ENGR
INTEGSCI,ENGR
INTEREGR,ENGR
M E,ENGR
M S & E,ENGR
N E,ENGR
RADIOL,ENGR
MED HIST,HISTORY
ART HIST,HISTORY
HIST SCI,HISTORY
HISTORY,HISTORY
ILS,HISTORY
MEDIEVAL,HISTORY
AFRICAN,HUMANITY
AFROAMER,HUMANITY
AMER IND,HUMANITY
ANTHRO,HUMANITY
ART,HUMANITY
C&E SOC,HUMANITY
COM ARTS,HUMANITY
GEN&WS,HUMANITY
ESL,LANGUAGE
FRENCH,LANGUAGE
GERMAN,LANGUAGE
ITALIAN,LANGUAGE
LATIN,LANGUAGE
LCA LANG,LANGUAGE
PORTUG,LANGUAGE
SPANISH,LANGUAGE
LAW,LAW
LEGAL ST,LAW
CLASSICS,LIT
COMP LIT,LIT
LITTRANS,LIT
A F AERO,GENERAL
ACT SCI,MATH
COMP SCI,MATH
MATH,MATH
STAT,MATH
STS,MATH
ANATOMY,MEDICAL
ANESTHES,MEDICAL
EMER MED,MEDICAL
FAM MED,MEDICAL
H ONCOL,MEDICAL
M M & I,MEDICAL
MED PHYS,MEDICAL
MEDICINE,MEDICAL
NEURSURG,MEDICAL
NTP,MEDICAL
OBS&GYN,MEDICAL
ONCOLOGY,MEDICAL
OPHTHALM,MEDICAL
PATH,MEDICAL
PEDIAT,MEDICAL
PHARMACY,MEDICAL
PHM PRAC,MEDICAL
PHM SCI,MEDICAL
PHMCOL-M,MEDICAL
PHY ASST,MEDICAL
PHY THER,MEDICAL
PHYSIOL,MEDICAL
POP HLTH,MEDICAL
S&A PHM,MEDICAL
SR MED,MEDICAL
SURG SCI,MEDICAL
SURGERY,MEDICAL
AHABS,GENERAL
CLNLABSC,GENERAL
AN SCI,NAT SCI
ASTRON,NAT SCI
ATM OCN,NAT SCI
ECON,NAT SCI
FOOD SCI,NAT SCI
GEOG,NAT SCI
KINES,NAT SCI
NUTR SCI,NAT SCI
PHILOS,NAT SCI
PHYSICS,NAT SCI
THER SCI,NAT SCI
CNP,NURSING
NURSING,NURSING
AGROECOL,PHYSSCI
AGRONOMY,PHYSSCI
DY SCI,PHYSSCI
ENVIR ST,PHYSSCI
F&W ECOL,PHYSSCI
FISC,PHYSSCI
GEOSCI,PHYSSCI
INTER-AG,PHYSSCI
INTER-HE,PHYSSCI
LAND ARC,PHYSSCI
SOIL SCI,PHYSSCI
POLI SCI,POLI
PUB AFFR,POLI
URB R PL,POLI
COUN PSY,PSYCH
ED PSYCH,PSYCH
NEURODPT,PSYCH
NEUROL,PSYCH
OCC THER,PSYCH
PSYCH,PSYCH
PSYCHIAT,PSYCH
INTER-LS,GENERAL
MIL SCI,GENERAL
NAV SCI,GENERAL
PRO OR,GENERAL
TRAN P U,GENERAL
,
,
,
,
,
,
,
,
,
,
,
,
,
,
,
,
,
,
,
,
,
,
,
,
,
,
,
,
,
,
,
,
,
,
,
,
,
,
,
,
,
,
,
,
,
,
,
,
,
,
,
,
,
,
,
,
,
,
,
,
,
,
,
,
,
,
,
,
,
,
,
,
,
,
,
,
,
,
,
,
,
,
,
,
,
,
,
,
,
,
,
,
,
,
,